fund_code,fund_name,as_of,rank,security_code,name,quantity,valuation_krw,weight_pct,business_role,role_source,source_url,scope
228790,TIGER 화장품,2026-10-05,1,192820,코스맥스,63,17010000,13.87,ODM/OEM,R,https://investments.miraeasset.com/tigeretf/ko/product/search/detail/index.do?ksdFund=KR7228790002,official_full_PDF_creation_basket
228790,TIGER 화장품,2026-10-05,2,161890,한국콜마,100,13660000,11.13,ODM/OEM,R,https://investments.miraeasset.com/tigeretf/ko/product/search/detail/index.do?ksdFund=KR7228790002,official_full_PDF_creation_basket
228790,TIGER 화장품,2026-10-05,3,278470,에이피알,32,11712000,9.55,브랜드,R,https://investments.miraeasset.com/tigeretf/ko/product/search/detail/index.do?ksdFund=KR7228790002,official_full_PDF_creation_basket
228790,TIGER 화장품,2026-10-05,4,257720,실리콘투,312,11575200,9.44,유통,R,https://investments.miraeasset.com/tigeretf/ko/product/search/detail/index.do?ksdFund=KR7228790002,official_full_PDF_creation_basket
228790,TIGER 화장품,2026-10-05,5,051900,LG생활건강,42,11382000,9.28,브랜드,R,https://investments.miraeasset.com/tigeretf/ko/product/search/detail/index.do?ksdFund=KR7228790002,official_full_PDF_creation_basket
228790,TIGER 화장품,2026-10-05,6,090430,아모레퍼시픽,85,11279500,9.19,브랜드,R,https://investments.miraeasset.com/tigeretf/ko/product/search/detail/index.do?ksdFund=KR7228790002,official_full_PDF_creation_basket
228790,TIGER 화장품,2026-10-05,7,214450,파마리서치,34,10404000,8.48,기타/사업역할 미분류,,https://investments.miraeasset.com/tigeretf/ko/product/search/detail/index.do?ksdFund=KR7228790002,official_full_PDF_creation_basket
228790,TIGER 화장품,2026-10-05,8,241710,코스메카코리아,92,10120000,8.25,ODM/OEM,R,https://investments.miraeasset.com/tigeretf/ko/product/search/detail/index.do?ksdFund=KR7228790002,official_full_PDF_creation_basket
228790,TIGER 화장품,2026-10-05,9,483650,달바글로벌,52,9521200,7.76,브랜드,R,https://investments.miraeasset.com/tigeretf/ko/product/search/detail/index.do?ksdFund=KR7228790002,official_full_PDF_creation_basket
228790,TIGER 화장품,2026-10-05,10,251970,펌텍코리아,65,3932500,3.21,용기/패키징,P,https://investments.miraeasset.com/tigeretf/ko/product/search/detail/index.do?ksdFund=KR7228790002,official_full_PDF_creation_basket
228790,TIGER 화장품,2026-10-05,11,018290,브이티,295,3714050,3.03,기타/사업역할 미분류,,https://investments.miraeasset.com/tigeretf/ko/product/search/detail/index.do?ksdFund=KR7228790002,official_full_PDF_creation_basket
228790,TIGER 화장품,2026-10-05,12,439090,마녀공장,110,1663200,1.36,기타/사업역할 미분류,,https://investments.miraeasset.com/tigeretf/ko/product/search/detail/index.do?ksdFund=KR7228790002,official_full_PDF_creation_basket
228790,TIGER 화장품,2026-10-05,13,123330,제닉,74,1605800,1.31,ODM/OEM,G,https://investments.miraeasset.com/tigeretf/ko/product/search/detail/index.do?ksdFund=KR7228790002,official_full_PDF_creation_basket
228790,TIGER 화장품,2026-10-05,14,237880,클리오,92,1102160,0.90,기타/사업역할 미분류,,https://investments.miraeasset.com/tigeretf/ko/product/search/detail/index.do?ksdFund=KR7228790002,official_full_PDF_creation_basket
228790,TIGER 화장품,2026-10-05,15,114840,아이패밀리에스씨,129,1082310,0.88,기타/사업역할 미분류,,https://investments.miraeasset.com/tigeretf/ko/product/search/detail/index.do?ksdFund=KR7228790002,official_full_PDF_creation_basket
228790,TIGER 화장품,2026-10-05,16,352480,씨앤씨인터내셔널,50,1032500,0.84,기타/사업역할 미분류,,https://investments.miraeasset.com/tigeretf/ko/product/search/detail/index.do?ksdFund=KR7228790002,official_full_PDF_creation_basket
228790,TIGER 화장품,2026-10-05,17,214420,토니모리,161,813050,0.66,기타/사업역할 미분류,,https://investments.miraeasset.com/tigeretf/ko/product/search/detail/index.do?ksdFund=KR7228790002,official_full_PDF_creation_basket
228790,TIGER 화장품,2026-10-05,18,226320,잇츠한불,61,652090,0.53,기타/사업역할 미분류,,https://investments.miraeasset.com/tigeretf/ko/product/search/detail/index.do?ksdFund=KR7228790002,official_full_PDF_creation_basket
228790,TIGER 화장품,2026-10-05,19,KRD010010001,원화예금,419468,419468,0.34,현금,,https://investments.miraeasset.com/tigeretf/ko/product/search/detail/index.do?ksdFund=KR7228790002,official_full_PDF_creation_basket
479850,HANARO K-뷰티,2026-10-02,1,KR7090430000,아모레퍼시픽,1046,138804200,16.32,브랜드,R,https://www.hanaroetf.com/fund/9DBA2CEA9F3E4C36,official_full_PDF_creation_basket
479850,HANARO K-뷰티,2026-10-02,2,KR7278470000,에이피알,377,137982000,16.22,브랜드,R,https://www.hanaroetf.com/fund/9DBA2CEA9F3E4C36,official_full_PDF_creation_basket
479850,HANARO K-뷰티,2026-10-02,3,KR7051900009,LG생활건강,328,88888000,10.45,브랜드,R,https://www.hanaroetf.com/fund/9DBA2CEA9F3E4C36,official_full_PDF_creation_basket
479850,HANARO K-뷰티,2026-10-02,4,KR7161890009,한국콜마,591,80730600,9.49,ODM/OEM,R,https://www.hanaroetf.com/fund/9DBA2CEA9F3E4C36,official_full_PDF_creation_basket
479850,HANARO K-뷰티,2026-10-02,5,KR7192820009,코스맥스,292,78840000,9.27,ODM/OEM,R,https://www.hanaroetf.com/fund/9DBA2CEA9F3E4C36,official_full_PDF_creation_basket
479850,HANARO K-뷰티,2026-10-02,6,KR7214450009,파마리서치,234,71604000,8.42,기타/사업역할 미분류,,https://www.hanaroetf.com/fund/9DBA2CEA9F3E4C36,official_full_PDF_creation_basket
479850,HANARO K-뷰티,2026-10-02,7,KR7483650008,달바글로벌,312,57127200,6.72,브랜드,R,https://www.hanaroetf.com/fund/9DBA2CEA9F3E4C36,official_full_PDF_creation_basket
479850,HANARO K-뷰티,2026-10-02,8,KR7257720003,실리콘투,1290,47859000,5.63,유통,R,https://www.hanaroetf.com/fund/9DBA2CEA9F3E4C36,official_full_PDF_creation_basket
479850,HANARO K-뷰티,2026-10-02,9,KR7145020004,휴젤,185,33318500,3.92,기타/사업역할 미분류,,https://www.hanaroetf.com/fund/9DBA2CEA9F3E4C36,official_full_PDF_creation_basket
479850,HANARO K-뷰티,2026-10-02,10,KR7241710003,코스메카코리아,225,24750000,2.91,ODM/OEM,R,https://www.hanaroetf.com/fund/9DBA2CEA9F3E4C36,official_full_PDF_creation_basket
479850,HANARO K-뷰티,2026-10-02,11,KR7002790004,아모레퍼시픽홀딩스,848,21454400,2.52,기타/사업역할 미분류,,https://www.hanaroetf.com/fund/9DBA2CEA9F3E4C36,official_full_PDF_creation_basket
479850,HANARO K-뷰티,2026-10-02,12,KR7069620003,대웅제약,158,17222000,2.03,기타/사업역할 미분류,,https://www.hanaroetf.com/fund/9DBA2CEA9F3E4C36,official_full_PDF_creation_basket
479850,HANARO K-뷰티,2026-10-02,13,KR7251970000,펌텍코리아,160,9680000,1.14,용기/패키징,P,https://www.hanaroetf.com/fund/9DBA2CEA9F3E4C36,official_full_PDF_creation_basket
479850,HANARO K-뷰티,2026-10-02,14,KR7018290007,브이티,725,9127750,1.07,기타/사업역할 미분류,,https://www.hanaroetf.com/fund/9DBA2CEA9F3E4C36,official_full_PDF_creation_basket
479850,HANARO K-뷰티,2026-10-02,15,KR7092730001,네오팜,321,7415100,0.87,기타/사업역할 미분류,,https://www.hanaroetf.com/fund/9DBA2CEA9F3E4C36,official_full_PDF_creation_basket
479850,HANARO K-뷰티,2026-10-02,16,KR7200670008,휴메딕스,245,6296500,0.74,기타/사업역할 미분류,,https://www.hanaroetf.com/fund/9DBA2CEA9F3E4C36,official_full_PDF_creation_basket
479850,HANARO K-뷰티,2026-10-02,17,KR7099430001,바이오플러스,1477,5590445,0.66,기타/사업역할 미분류,,https://www.hanaroetf.com/fund/9DBA2CEA9F3E4C36,official_full_PDF_creation_basket
479850,HANARO K-뷰티,2026-10-02,18,KR7439090002,마녀공장,270,4082400,0.48,기타/사업역할 미분류,,https://www.hanaroetf.com/fund/9DBA2CEA9F3E4C36,official_full_PDF_creation_basket
479850,HANARO K-뷰티,2026-10-02,19,KR7123330003,제닉,182,3949400,0.46,ODM/OEM,G,https://www.hanaroetf.com/fund/9DBA2CEA9F3E4C36,official_full_PDF_creation_basket
479850,HANARO K-뷰티,2026-10-02,20,KR7352480008,씨앤씨인터내셔널,122,2519300,0.30,기타/사업역할 미분류,,https://www.hanaroetf.com/fund/9DBA2CEA9F3E4C36,official_full_PDF_creation_basket
479850,HANARO K-뷰티,2026-10-02,21,KRD010010001,원화예금,3195800,3195800,0.38,현금,,https://www.hanaroetf.com/fund/9DBA2CEA9F3E4C36,official_full_PDF_creation_basket
0008T0,SOL 화장품TOP3플러스,2026-10-02,1,,한국콜마,1333,195284500,22.84,ODM/OEM,R,https://www.soletf.com/ko/fund/etf/211080?tabIndex=3,official_full_PDF_creation_basket
0008T0,SOL 화장품TOP3플러스,2026-10-02,2,,실리콘투,4152,159021600,18.60,유통,R,https://www.soletf.com/ko/fund/etf/211080?tabIndex=3,official_full_PDF_creation_basket
0008T0,SOL 화장품TOP3플러스,2026-10-02,3,,에이피알,388,142008000,16.61,브랜드,R,https://www.soletf.com/ko/fund/etf/211080?tabIndex=3,official_full_PDF_creation_basket
0008T0,SOL 화장품TOP3플러스,2026-10-02,4,,코스맥스,291,81189000,9.50,ODM/OEM,R,https://www.soletf.com/ko/fund/etf/211080?tabIndex=3,official_full_PDF_creation_basket
0008T0,SOL 화장품TOP3플러스,2026-10-02,5,,코스메카코리아,651,75125400,8.79,ODM/OEM,R,https://www.soletf.com/ko/fund/etf/211080?tabIndex=3,official_full_PDF_creation_basket
0008T0,SOL 화장품TOP3플러스,2026-10-02,6,,아모레퍼시픽,421,57129700,6.68,브랜드,R,https://www.soletf.com/ko/fund/etf/211080?tabIndex=3,official_full_PDF_creation_basket
0008T0,SOL 화장품TOP3플러스,2026-10-02,7,,LG생활건강,204,55386000,6.48,브랜드,R,https://www.soletf.com/ko/fund/etf/211080?tabIndex=3,official_full_PDF_creation_basket
0008T0,SOL 화장품TOP3플러스,2026-10-02,8,,달바글로벌,241,44344000,5.19,브랜드,R,https://www.soletf.com/ko/fund/etf/211080?tabIndex=3,official_full_PDF_creation_basket
0008T0,SOL 화장품TOP3플러스,2026-10-02,9,,펌텍코리아,492,30996000,3.63,용기/패키징,P,https://www.soletf.com/ko/fund/etf/211080?tabIndex=3,official_full_PDF_creation_basket
0008T0,SOL 화장품TOP3플러스,2026-10-02,10,,제닉,562,12785500,1.50,ODM/OEM,G,https://www.soletf.com/ko/fund/etf/211080?tabIndex=3,official_full_PDF_creation_basket
0008T0,SOL 화장품TOP3플러스,2026-10-02,11,,현금성자산,1741220,1741220,0.20,현금,,https://www.soletf.com/ko/fund/etf/211080?tabIndex=3,official_full_PDF_creation_basket
